"","Date","Max.TemperatureF","Mean.TemperatureF","Min.TemperatureF","Max.Dew.PointF","MeanDew.PointF","Min.DewpointF","Max.Humidity","Mean.Humidity","Min.Humidity","Max.Sea.Level.PressureIn","Mean.Sea.Level.PressureIn","Min.Sea.Level.PressureIn","Max.VisibilityMiles","Mean.VisibilityMiles","Min.VisibilityMiles","Max.Wind.SpeedMPH","Mean.Wind.SpeedMPH","Max.Gust.SpeedMPH","PrecipitationIn","CloudCover","Events","WindDirDegrees.br...","city","season"
"24078",2014-07-01,"84","78","71","71","68","65","90","78","65","29.98","29.91","29.85","10","10","10","30","15","38","0.00","5","","196<br />","New York City (USA)","Summer"
"24079",2014-07-02,"85","78","71","72","70","66","84","75","65","29.98","29.91","29.85","10","10","2","30","12","37","0.52","5","Rain-Thunderstorm","176<br />","New York City (USA)","Summer"
"24080",2014-07-03,"85","78","71","73","70","66","93","79","65","30.03","29.95","29.88","10","10","6","28","9","35","0.35","7","Rain-Thunderstorm","176<br />","New York City (USA)","Summer"
"24081",2014-07-04,"76","71","66","69","63","51","93","71","49","30.01","29.95","29.88","10","9","6","31","15","41","0.32","7","Rain","351<br />","New York City (USA)","Summer"
"24082",2014-07-05,"84","75","65","58","48","46","57","42","27","30.15","30.10","30.01","10","10","10","25","14","31","0.00","1","","287<br />","New York City (USA)","Summer"
"24083",2014-07-06,"83","75","66","65","59","52","79","58","36","30.11","30.04","29.95","10","10","10","23","13","29","0.00","3","","219<br />","New York City (USA)","Summer"
"24084",2014-07-07,"83","77","70","67","65","62","79","69","58","29.95","29.85","29.76","10","10","10","21","12","25","0.00","4","","200<br />","New York City (USA)","Summer"
"24085",2014-07-08,"88","80","72","69","67","64","84","69","53","29.85","29.79","29.70","10","10","9","32","15","45","T","6","","203<br />","New York City (USA)","Summer"
"24086",2014-07-09,"84","78","71","68","66","64","84","70","55","29.96","29.88","29.80","10","10","10","22","12","28","0.01","5","","210<br />","New York City (USA)","Summer"
"24087",2014-07-10,"85","78","71","68","63","58","79","61","43","30.15","30.07","29.96","10","10","6","15","6","18","0.03","6","Rain-Thunderstorm","76<br />","New York City (USA)","Summer"
"24088",2014-07-11,"85","76","67","66","61","51","87","60","32","30.23","30.19","30.13","10","10","7","15","7","22","0.00","4","","111<br />","New York City (USA)","Summer"
"24089",2014-07-12,"82","74","66","68","65","60","97","74","51","30.25","30.21","30.15","10","8","1","20","10","25","0.00","4","Fog","177<br />","New York City (USA)","Summer"
"24090",2014-07-13,"80","75","69","70","68","67","97","86","74","30.15","30.04","29.92","10","10","8","29","16","37","0.06","6","Rain","184<br />","New York City (USA)","Summer"
"24091",2014-07-14,"83","77","70","72","70","67","93","79","65","29.96","29.90","29.84","10","8","2","21","7","25","1.87","7","Rain-Thunderstorm","177<br />","New York City (USA)","Summer"
"24092",2014-07-15,"82","76","69","73","70","68","97","88","79","29.82","29.79","29.76","10","5","0","17","7","22","1.03","8","Rain-Thunderstorm","175<br />","New York City (USA)","Summer"
"24093",2014-07-16,"83","77","70","70","63","51","93","64","34","29.89","29.81","29.76","10","10","3","18","9","23","0.01","7","Rain","234<br />","New York City (USA)","Summer"
"24094",2014-07-17,"82","75","67","61","56","52","68","54","39","30.11","29.98","29.88","10","10","10","15","9","20","0.00","5","","281<br />","New York City (USA)","Summer"
"24095",2014-07-18,"84","75","65","60","52","42","78","52","26","30.24","30.20","30.12","10","10","10","16","7","24","0.00","4","","16<br />","New York City (USA)","Summer"
"24096",2014-07-19,"79","74","68","59","56","52","68","56","43","30.26","30.22","30.19","10","10","10","15","7","25","0.00","7","","73<br />","New York City (USA)","Summer"
"24097",2014-07-20,"78","73","68","63","60","57","76","66","56","30.18","30.14","30.11","10","10","10","20","9","23","T","6","Rain","75<br />","New York City (USA)","Summer"
"24098",2014-07-21,"83","74","65","66","62","56","84","62","40","30.21","30.18","30.14","10","10","10","14","7","22","0.00","3","","167<br />","New York City (USA)","Summer"
"24099",2014-07-22,"84","76","68","67","65","61","78","68","58","30.19","30.14","30.07","10","10","10","25","13","33","0.00","2","","215<br />","New York City (USA)","Summer"
"24100",2014-07-23,"83","77","71","72","68","60","79","72","64","30.05","29.91","29.79","10","10","4","28","13","35","0.02","4","Rain-Thunderstorm","207<br />","New York City (USA)","Summer"
"24101",2014-07-24,"83","78","72","72","61","53","82","61","40","29.91","29.85","29.80","10","10","10","20","11","26","0.00","7","Rain","354<br />","New York City (USA)","Summer"
"24102",2014-07-25,"83","75","67","64","56","49","73","52","31","30.03","29.99","29.92","10","10","10","16","10","21","0.00","3","","325<br />","New York City (USA)","Summer"
"24103",2014-07-26,"81","75","69","69","63","58","87","73","58","30.02","29.97","29.92","10","10","10","18","10","23","0.09","5","Rain","212<br />","New York City (USA)","Summer"
"24104",2014-07-27,"84","78","71","72","70","67","90","78","65","29.91","29.77","29.67","10","10","10","22","12","25","0.01","6","Rain","194<br />","New York City (USA)","Summer"
"24105",2014-07-28,"84","77","69","72","65","57","90","67","44","29.69","29.59","29.53","10","9","6","31","16","39","0.51","5","Rain-Thunderstorm","223<br />","New York City (USA)","Summer"
"24106",2014-07-29,"79","72","64","56","51","46","68","50","32","29.98","29.87","29.71","10","10","10","21","11","28","0.00","4","","308<br />","New York City (USA)","Summer"
"24107",2014-07-30,"80","72","64","63","54","48","73","54","35","30.06","30.02","29.97","10","10","10","20","9","23","0.00","3","","211<br />","New York City (USA)","Summer"
"24108",2014-07-31,"82","74","65","68","61","56","84","65","45","30.16","30.11","30.06","10","10","10","23","12","28","0.00","4","","202<br />","New York City (USA)","Summer"
"24109",2014-08-01,"82","77","71","70","68","66","93","78","62","30.23","30.20","30.17","10","10","9","18","8","23","T","7","Rain","187<br />","New York City (USA)","Summer"
"24110",2014-08-02,"76","71","65","68","63","60","93","77","60","30.21","30.15","30.11","10","9","5","18","8","24","0.40","8","Rain","44<br />","New York City (USA)","Summer"
"24111",2014-08-03,"78","72","66","66","64","61","93","79","64","30.13","30.10","30.05","10","10","6","10","5","13","0.09","7","Rain","114<br />","New York City (USA)","Summer"
"24112",2014-08-04,"81","76","70","70","67","66","87","75","62","30.09","30.06","30.04","10","10","10","21","10","24","0.00","6","","215<br />","New York City (USA)","Summer"
"24113",2014-08-05,"85","78","70","70","67","64","90","71","51","30.05","29.99","29.91","10","10","10","18","8","22","0.00","3","","208<br />","New York City (USA)","Summer"
"24114",2014-08-06,"85","78","71","65","60","54","79","57","34","29.91","29.88","29.83","10","10","10","24","9","30","T","5","Rain","335<br />","New York City (USA)","Summer"
"24115",2014-08-07,"86","77","67","57","51","45","63","45","27","30.02","29.94","29.90","10","10","10","24","11","31","0.00","2","","335<br />","New York City (USA)","Summer"
"24116",2014-08-08,"84","75","65","64","53","45","73","50","26","30.10","30.06","30.02","10","10","10","16","6","21","0.00","4","","319<br />","New York City (USA)","Summer"
"24117",2014-08-09,"86","76","66","62","57","48","73","51","29","30.13","30.10","30.07","10","10","10","15","7","18","0.00","2","","316<br />","New York City (USA)","Summer"
"24118",2014-08-10,"87","78","68","66","59","52","79","55","30","30.15","30.12","30.10","10","10","10","14","7","16","0.00","3","","228<br />","New York City (USA)","Summer"
"24119",2014-08-11,"84","76","67","67","63","57","84","62","40","30.16","30.14","30.11","10","10","10","14","8","17","0.00","4","","177<br />","New York City (USA)","Summer"
"24120",2014-08-12,"80","76","72","71","67","64","87","77","67","30.10","30.01","29.87","10","10","7","32","15","40","0.34","8","Rain","131<br />","New York City (USA)","Summer"
"24121",2014-08-13,"85","77","68","72","67","60","93","72","51","29.86","29.72","29.66","10","8","2","35","14","41","2.92","7","Rain","336<br />","New York City (USA)","Summer"
"24122",2014-08-14,"80","73","65","59","52","47","70","51","32","29.89","29.85","29.79","10","10","10","21","13","25","0.00","3","","276<br />","New York City (USA)","Summer"
"24123",2014-08-15,"76","69","62","56","48","44","61","50","38","29.99","29.94","29.89","10","10","10","20","11","23","0.00","5","","289<br />","New York City (USA)","Summer"
"24124",2014-08-16,"77","70","63","64","56","50","79","59","39","30.03","29.98","29.93","10","10","10","17","10","21","0.00","5","","217<br />","New York City (USA)","Summer"
"24125",2014-08-17,"85","76","66","62","57","51","78","57","36","29.93","29.87","29.81","10","10","10","18","11","25","T","5","","284<br />","New York City (USA)","Summer"
"24126",2014-08-18,"82","73","63","65","55","51","84","59","34","29.93","29.88","29.83","10","10","10","17","8","23","0.00","3","","294<br />","New York City (USA)","Summer"
"24127",2014-08-19,"80","72","64","66","62","55","87","74","60","29.95","29.91","29.87","10","10","10","14","7","17","0.00","4","","101<br />","New York City (USA)","Summer"
"24128",2014-08-20,"80","73","66","66","61","57","93","71","48","30.04","30.00","29.95","10","10","10","13","5","17","0.00","4","","156<br />","New York City (USA)","Summer"
"24129",2014-08-21,"79","73","67","67","63","55","79","63","47","30.08","30.05","30.02","10","10","7","15","7","18","0.21","6","Rain-Thunderstorm","163<br />","New York City (USA)","Summer"
"24130",2014-08-22,"78","73","67","66","62","58","93","75","57","30.07","30.04","30.01","10","10","6","16","8","22","0.13","7","Rain","77<br />","New York City (USA)","Summer"
"24131",2014-08-23,"74","70","66","62","60","57","81","71","61","30.13","30.09","30.04","10","10","10","14","6","18","T","7","","83<br />","New York City (USA)","Summer"
"24132",2014-08-24,"81","72","62","63","59","55","90","68","45","30.16","30.14","30.12","10","10","10","17","6","23","0.00","3","","66<br />","New York City (USA)","Summer"
"24133",2014-08-25,"87","75","63","64","59","55","87","61","34","30.18","30.15","30.12","10","10","10","12","5","17","0.00","1","","273<br />","New York City (USA)","Summer"
"24134",2014-08-26,"82","75","67","69","66","62","90","71","51","30.18","30.14","30.10","10","10","10","14","7","18","0.00","3","","163<br />","New York City (USA)","Summer"
"24135",2014-08-27,"86","77","67","69","65","58","84","68","51","30.08","29.98","29.88","10","10","10","17","9","23","0.00","2","","202<br />","New York City (USA)","Summer"
"24136",2014-08-28,"84","76","68","68","56","46","84","57","30","30.05","29.91","29.85","10","10","10","23","13","31","0.00","3","","339<br />","New York City (USA)","Summer"
"24137",2014-08-29,"78","71","63","55","51","47","68","50","32","30.26","30.17","30.07","10","10","10","15","9","21","0.00","4","","63<br />","New York City (USA)","Summer"
"24138",2014-08-30,"78","71","63","67","60","55","79","67","54","30.28","30.24","30.17","10","10","10","18","10","22","0.00","6","","176<br />","New York City (USA)","Summer"
"24139",2014-08-31,"85","79","73","73","71","66","88","79","69","30.17","30.06","29.97","10","10","3","25","10","32","0.14","7","Rain-Thunderstorm","203<br />","New York City (USA)","Summer"
"24140",2014-09-01,"86","80","74","73","72","70","88","73","57","30.02","29.98","29.93","10","10","10","16","9","21","T","6","Rain","206<br />","New York City (USA)","Summer"
"24141",2014-09-02,"92","83","74","74","72","67","94","72","49","29.94","29.88","29.81","10","10","8","25","11","31","0.00","4","","205<br />","New York City (USA)","Summer"
"24142",2014-09-03,"88","80","72","69","60","51","76","53","29","30.12","29.99","29.84","10","10","10","21","9","25","0.00","5","","297<br />","New York City (USA)","Summer"
"24143",2014-09-04,"85","77","68","69","62","58","87","66","44","30.21","30.17","30.12","10","10","10","21","9","25","0.00","2","Fog","163<br />","New York City (USA)","Summer"
"24144",2014-09-05,"85","78","71","74","71","68","94","80","65","30.19","30.13","30.03","10","10","10","18","10","22","0.00","4","","204<br />","New York City (USA)","Summer"
"24145",2014-09-06,"86","77","68","74","71","66","94","78","62","30.01","29.93","29.85","10","10","7","23","11","28","0.04","6","Rain-Thunderstorm","229<br />","New York City (USA)","Summer"
"24146",2014-09-07,"82","74","66","64","57","50","78","57","36","30.20","30.07","29.94","10","10","10","18","7","23","T","6","","7<br />","New York City (USA)","Summer"
"24147",2014-09-08,"78","72","65","62","56","52","78","61","43","30.33","30.28","30.20","10","10","10","18","11","24","0.00","6","","64<br />","New York City (USA)","Summer"
"24148",2014-09-09,"75","70","64","61","57","51","73","66","58","30.29","30.22","30.16","10","10","10","17","11","25","T","7","","55<br />","New York City (USA)","Summer"
"24149",2014-09-10,"78","71","63","63","59","56","84","66","47","30.14","30.10","30.04","10","10","10","13","8","16","0.00","5","","89<br />","New York City (USA)","Summer"
"24150",2014-09-11,"85","77","69","70","66","59","84","73","61","30.03","29.92","29.83","10","10","10","22","13","26","0.00","6","","202<br />","New York City (USA)","Summer"
"24151",2014-09-12,"79","71","63","56","51","48","68","52","36","30.19","30.09","29.96","10","10","10","18","11","23","0.00","5","","17<br />","New York City (USA)","Summer"
"24152",2014-09-13,"70","65","60","63","57","50","93","77","61","30.19","30.15","30.10","10","9","2","24","11","29","0.29","7","Rain","48<br />","New York City (USA)","Summer"
"24153",2014-09-14,"72","63","54","54","47","40","78","55","31","30.28","30.22","30.16","10","10","10","18","9","23","0.00","4","","328<br />","New York City (USA)","Summer"
"24154",2014-09-15,"71","63","55","53","46","39","77","55","33","30.25","30.18","30.09","10","10","10","14","8","17","0.00","3","","285<br />","New York City (USA)","Summer"
"24155",2014-09-16,"67","64","60","59","57","54","90","79","67","30.09","30.02","29.98","10","9","4","8","5","9","0.26","7","Rain","214<br />","New York City (USA)","Summer"
"24156",2014-09-17,"73","64","55","53","48","40","86","58","29","30.07","30.02","29.96","10","10","10","15","6","21","0.00","2","","284<br />","New York City (USA)","Summer"
"24157",2014-09-18,"78","68","57","56","50","43","78","55","31","30.11","30.01","29.97","10","10","10","16","6","22","0.00","2","","263<br />","New York City (USA)","Summer"
"24158",2014-09-19,"67","62","56","51","46","40","75","60","44","30.39","30.30","30.12","10","10","10","18","11","23","0.00","3","","68<br />","New York City (USA)","Summer"
"24159",2014-09-20,"75","65","54","65","57","49","84","69","53","30.35","30.23","30.07","10","10","10","21","9","25","0.37","6","","132<br />","New York City (USA)","Summer"
"24160",2014-09-21,"77","72","67","70","67","64","97","88","79","30.05","29.83","29.62","10","8","1","16","5","22","0.21","7","Rain","142<br />","New York City (USA)","Summer"
"24161",2014-09-22,"73","64","55","67","49","37","73","56","38","30.18","29.89","29.65","10","10","9","25","16","31","T","5","Rain","295<br />","New York City (USA)","Summer"
"24162",2014-09-23,"69","60","51","54","44","37","72","58","43","30.42","30.31","30.19","10","10","10","14","6","20","0.00","3","","255<br />","New York City (USA)","Autumn"
"24163",2014-09-24,"72","64","56","57","53","47","86","64","41","30.56","30.51","30.43","10","10","10","20","10","23","0.00","6","","62<br />","New York City (USA)","Autumn"
"24164",2014-09-25,"64","62","60","59","55","51","90","77","63","30.48","30.33","30.22","10","9","6","22","15","28","0.23","7","Rain","37<br />","New York City (USA)","Autumn"
"24165",2014-09-26,"79","69","59","55","51","43","84","58","31","30.22","30.19","30.16","10","10","10","18","8","23","0.00","2","","17<br />","New York City (USA)","Autumn"
"24166",2014-09-27,"84","73","62","62","56","52","81","58","34","30.22","30.19","30.17","10","10","10","14","7","18","0.00","0","","356<br />","New York City (USA)","Autumn"
"24167",2014-09-28,"78","70","62","63","61","59","93","74","54","30.18","30.12","30.03","10","10","10","15","7","20","0.00","4","","198<br />","New York City (USA)","Autumn"
"24168",2014-09-29,"78","71","64","64","62","58","87","71","54","30.02","29.96","29.91","10","10","10","14","5","16","T","7","Rain","214<br />","New York City (USA)","Autumn"
"24169",2014-09-30,"70","66","62","63","60","56","93","77","61","30.00","29.96","29.93","10","9","4","12","6","15","0.03","7","Rain","59<br />","New York City (USA)","Autumn"
"24170",2014-10-01,"67","65","62","62","58","55","84","79","73","30.08","30.02","29.94","10","10","7","16","11","20","T","8","Rain","27<br />","New York City (USA)","Autumn"
"24171",2014-10-02,"68","65","61","56","54","53","84","74","63","30.15","30.12","30.08","10","10","10","20","8","22","0.00","7","","36<br />","New York City (USA)","Autumn"
"24172",2014-10-03,"68","62","55","55","52","48","84","68","52","30.12","30.04","29.87","10","10","10","14","7","17","0.00","5","","90<br />","New York City (USA)","Autumn"
"24173",2014-10-04,"72","62","52","66","56","35","90","69","47","29.84","29.64","29.52","10","8","2","28","16","36","0.70","6","Rain","186<br />","New York City (USA)","Autumn"
"24174",2014-10-05,"61","54","47","36","34","31","56","46","36","30.01","29.86","29.72","10","10","10","21","13","26","0.00","1","","274<br />","New York City (USA)","Autumn"
"24175",2014-10-06,"70","58","45","56","46","37","82","61","40","30.10","30.06","30.01","10","10","10","25","14","31","0.00","1","","167<br />","New York City (USA)","Autumn"
"24176",2014-10-07,"74","70","65","62","59","52","87","67","46","30.08","30.03","29.95","10","10","10","28","17","32","0.02","6","Rain","188<br />","New York City (USA)","Autumn"
"24177",2014-10-08,"75","69","62","62","51","38","84","59","33","29.96","29.86","29.81","10","10","10","33","17","41","0.02","5","Rain","249<br />","New York City (USA)","Autumn"
"24178",2014-10-09,"69","63","56","46","40","35","57","44","30","30.08","30.01","29.96","10","10","10","24","14","28","0.00","4","","253<br />","New York City (USA)","Autumn"
"24179",2014-10-10,"64","58","52","45","39","35","57","46","34","30.14","30.10","30.05","10","10","10","15","6","17","T","6","","269<br />","New York City (USA)","Autumn"
"24180",2014-10-11,"59","55","50","52","48","44","93","75","57","30.18","30.09","30.05","10","9","3","17","8","21","0.45","7","Rain","27<br />","New York City (USA)","Autumn"
"24181",2014-10-12,"65","56","46","46","40","32","86","59","31","30.33","30.27","30.18","10","10","10","15","7","18","0.00","3","","38<br />","New York City (USA)","Autumn"
"24182",2014-10-13,"66","56","46","61","53","43","93","77","60","30.35","30.31","30.25","10","9","3","15","6","18","0.08","7","Rain","150<br />","New York City (USA)","Autumn"
"24183",2014-10-14,"75","70","64","64","63","62","93","81","68","30.25","30.20","30.13","10","10","10","22","13","28","0.00","6","","170<br />","New York City (USA)","Autumn"
"24184",2014-10-15,"76","72","68","67","66","64","90","82","74","30.12","29.99","29.86","10","10","7","23","17","29","0.01","7","Rain","145<br />","New York City (USA)","Autumn"
"24185",2014-10-16,"71","66","60","67","64","56","93","82","70","29.84","29.75","29.70","10","8","0","24","13","29","0.78","7","Rain","168<br />","New York City (USA)","Autumn"
"24186",2014-10-17,"72","66","60","58","55","52","84","67","49","29.75","29.71","29.68","10","10","10","21","13","25","0.00","3","","229<br />","New York City (USA)","Autumn"
"24187",2014-10-18,"72","65","57","56","50","41","84","62","39","29.73","29.64","29.58","10","10","10","22","13","26","0.00","6","","256<br />","New York City (USA)","Autumn"
"24188",2014-10-19,"58","51","44","42","32","23","59","44","29","30.07","29.90","29.73","10","10","10","29","17","35","0.00","4","","319<br />","New York City (USA)","Autumn"
"24189",2014-10-20,"61","52","42","46","35","26","62","51","40","30.14","30.06","29.99","10","10","10","20","10","24","0.00","6","","233<br />","New York City (USA)","Autumn"
"24190",2014-10-21,"67","60","53","57","50","45","86","69","52","29.98","29.90","29.83","10","10","10","14","6","17","0.05","6","Rain","79<br />","New York City (USA)","Autumn"
"24191",2014-10-22,"58","55","52","55","51","46","89","78","67","29.93","29.85","29.72","10","9","5","31","18","39","1.42","8","Rain-Thunderstorm","14<br />","New York City (USA)","Autumn"
"24192",2014-10-23,"54","53","51","48","46","45","89","80","71","29.78","29.71","29.67","10","10","6","29","21","38","0.12","8","Rain","343<br />","New York City (USA)","Autumn"
"24193",2014-10-24,"63","57","51","46","44","40","83","68","52","29.84","29.80","29.75","10","10","10","23","11","26","0.00","6","","336<br />","New York City (USA)","Autumn"
"24194",2014-10-25,"68","59","50","48","41","35","60","50","39","29.88","29.77","29.58","10","10","10","22","12","26","0.00","2","","260<br />","New York City (USA)","Autumn"
"24195",2014-10-26,"65","60","54","48","38","33","72","52","31","29.85","29.67","29.56","10","10","10","29","17","38","0.00","5","","297<br />","New York City (USA)","Autumn"
"24196",2014-10-27,"64","57","50","44","37","34","71","54","36","30.04","29.98","29.85","10","10","10","18","11","26","0.00","2","","269<br />","New York City (USA)","Autumn"
"24197",2014-10-28,"70","59","48","58","51","42","90","69","47","30.06","30.01","29.93","10","10","10","15","7","18","0.00","5","","199<br />","New York City (USA)","Autumn"
"24198",2014-10-29,"74","63","52","59","52","38","93","65","37","29.96","29.90","29.83","10","10","9","24","10","31","0.03","7","Rain","241<br />","New York City (USA)","Autumn"
"24199",2014-10-30,"61","54","46","47","39","33","93","66","39","30.03","29.99","29.95","10","10","6","18","9","22","0.00","2","Fog","318<br />","New York City (USA)","Autumn"
"24200",2014-10-31,"55","51","46","46","39","33","77","64","50","30.03","29.96","29.86","10","10","7","23","10","28","0.01","7","Rain","24<br />","New York City (USA)","Autumn"
"24201",2014-11-01,"49","46","43","45","39","37","86","76","66","29.86","29.80","29.76","10","9","6","25","18","35","1.03","8","Rain","8<br />","New York City (USA)","Autumn"
"24202",2014-11-02,"50","46","41","37","25","14","76","52","28","30.04","29.86","29.73","10","10","10","44","26","53","T","6","Rain","332<br />","New York City (USA)","Autumn"
"24203",2014-11-03,"61","51","40","30","26","17","59","39","19","30.17","30.12","30.06","10","10","10","31","15","38","0.00","3","","264<br />","New York City (USA)","Autumn"
"24204",2014-11-04,"67","59","50","49","36","26","67","47","26","30.19","30.13","30.04","10","10","10","17","10","","0.00","6","","213<br />","New York City (USA)","Autumn"
"24205",2014-11-05,"65","59","52","46","40","28","77","52","27","30.16","30.10","30.03","10","10","10","21","10","25","0.00","7","","247<br />","New York City (USA)","Autumn"
"24206",2014-11-06,"54","52","49","52","47","41","93","80","66","30.14","29.84","29.62","10","8","2","14","6","25","0.43","8","Rain","317<br />","New York City (USA)","Autumn"
"24207",2014-11-07,"54","48","41","46","35","24","86","66","45","29.96","29.70","29.58","10","10","9","29","18","38","T","5","Rain","297<br />","New York City (USA)","Autumn"
"24208",2014-11-08,"48","42","36","35","26","23","64","53","41","30.06","29.99","29.94","10","10","10","22","12","24","0.00","5","","247<br />","New York City (USA)","Autumn"
"24209",2014-11-09,"57","51","44","39","36","32","76","58","40","30.03","29.96","29.92","10","10","10","17","8","20","0.00","5","","245<br />","New York City (USA)","Autumn"
"24210",2014-11-10,"59","49","38","45","37","32","85","63","40","30.20","30.15","30.04","10","10","9","10","4","13","0.00","2","","167<br />","New York City (USA)","Autumn"
"24211",2014-11-11,"64","53","42","57","52","41","93","83","72","30.14","30.04","29.92","10","7","0","15","5","17","0.00","6","Fog","97<br />","New York City (USA)","Autumn"
"24212",2014-11-12,"66","56","45","58","52","35","100","72","43","30.09","29.93","29.88","10","5","0","23","7","28","T","5","Fog-Rain","343<br />","New York City (USA)","Autumn"
"24213",2014-11-13,"49","44","38","36","30","25","85","64","42","30.13","30.06","29.99","10","10","7","16","8","18","0.11","5","Rain","317<br />","New York City (USA)","Autumn"
"24214",2014-11-14,"44","41","37","34","23","13","85","57","29","30.19","30.05","29.96","10","10","10","23","14","28","0.07","5","Rain","322<br />","New York City (USA)","Autumn"
"24215",2014-11-15,"43","37","30","20","17","14","56","43","30","30.38","30.32","30.20","10","10","10","17","9","24","0.00","2","","319<br />","New York City (USA)","Autumn"
"24216",2014-11-16,"45","38","31","33","26","21","72","57","41","30.40","30.30","30.13","10","10","10","15","7","17","T","7","Rain","233<br />","New York City (USA)","Autumn"
"24217",2014-11-17,"55","48","40","52","44","33","96","83","70","30.10","29.72","29.52","10","5","0","29","9","37","1.37","8","Rain","8<br />","New York City (USA)","Autumn"
"24218",2014-11-18,"46","36","25","36","9","1","70","48","25","30.13","29.88","29.61","10","10","10","32","24","41","0.00","2","","274<br />","New York City (USA)","Autumn"
"24219",2014-11-19,"37","30","23","18","8","3","47","38","29","30.29","30.20","30.10","10","10","10","28","16","35","0.00","3","","252<br />","New York City (USA)","Autumn"
"24220",2014-11-20,"48","40","32","24","18","6","49","38","27","30.06","29.96","29.86","10","10","10","24","17","33","0.00","5","","261<br />","New York City (USA)","Autumn"
"24221",2014-11-21,"38","33","28","10","7","5","42","35","27","30.52","30.31","30.06","10","10","10","25","16","33","0.00","1","","307<br />","New York City (USA)","Autumn"
"24222",2014-11-22,"44","35","26","24","16","10","53","42","30","30.52","30.39","30.23","10","10","10","24","14","28","0.00","4","","243<br />","New York City (USA)","Autumn"
"24223",2014-11-23,"55","49","43","51","33","24","89","62","35","30.24","30.17","30.01","10","10","10","18","10","22","0.00","7","","204<br />","New York City (USA)","Autumn"
"24224",2014-11-24,"64","60","55","58","56","52","93","86","78","29.95","29.71","29.60","10","5","0","35","20","46","0.45","6","Rain","181<br />","New York City (USA)","Autumn"
"24225",2014-11-25,"62","55","48","53","37","25","93","62","30","30.17","29.98","29.76","10","10","9","21","11","29","0.00","7","","248<br />","New York City (USA)","Autumn"
"24226",2014-11-26,"52","44","36","36","33","26","92","65","38","30.22","30.01","29.76","10","6","2","26","16","32","1.00","8","Rain-Snow","7<br />","New York City (USA)","Autumn"
"24227",2014-11-27,"39","38","36","34","30","25","89","74","59","30.07","29.99","29.85","10","10","6","22","11","28","0.02","8","Rain-Snow","328<br />","New York City (USA)","Autumn"
"24228",2014-11-28,"41","35","28","24","17","10","69","55","40","30.29","30.18","30.07","10","10","10","24","14","29","0.00","3","","316<br />","New York City (USA)","Autumn"
"24229",2014-11-29,"46","36","26","34","18","11","65","52","38","30.38","30.32","30.24","10","10","10","18","6","21","0.00","7","","243<br />","New York City (USA)","Autumn"
"24230",2014-11-30,"53","49","45","45","38","31","80","62","44","30.23","30.15","30.09","10","10","10","22","10","28","0.00","7","","201<br />","New York City (USA)","Autumn"
"24231",2014-12-01,"62","52","42","46","42","28","86","71","55","30.47","30.19","30.08","10","10","10","26","9","32","0.07","7","Rain","281<br />","New York City (USA)","Autumn"
"24232",2014-12-02,"47","42","36","44","30","19","89","67","44","30.64","30.52","30.30","10","9","5","21","14","26","0.09","8","Rain","41<br />","New York City (USA)","Autumn"
"24233",2014-12-03,"48","45","42","45","40","25","92","75","57","30.25","30.13","29.99","10","6","0","23","11","30","0.15","7","Rain","248<br />","New York City (USA)","Autumn"
"24234",2014-12-04,"47","42","36","26","22","17","64","49","34","30.54","30.39","30.25","10","10","10","17","10","27","0.00","5","","317<br />","New York City (USA)","Autumn"
"24235",2014-12-05,"50","43","35","48","34","22","93","73","52","30.60","30.50","30.36","10","8","4","20","10","23","0.55","7","Rain","45<br />","New York City (USA)","Autumn"
"24236",2014-12-06,"52","47","41","50","45","37","96","88","80","30.34","30.19","30.10","10","6","2","26","7","35","1.24","8","Rain","61<br />","New York City (USA)","Autumn"
"24237",2014-12-07,"44","38","31","35","18","1","86","56","25","30.62","30.44","30.21","10","10","10","32","22","44","0.05","4","Rain","3<br />","New York City (USA)","Autumn"
"24238",2014-12-08,"37","32","26","30","19","1","75","52","28","30.68","30.58","30.35","10","10","10","23","15","28","T","7","","35<br />","New York City (USA)","Autumn"
"24239",2014-12-09,"48","43","37","43","37","30","92","84","76","30.33","29.86","29.63","10","6","2","38","22","47","3.04","8","Rain","6<br />","New York City (USA)","Autumn"
"24240",2014-12-10,"42","38","34","37","32","24","89","77","64","29.68","29.62","29.59","10","6","2","24","16","30","0.11","8","Rain-Snow","304<br />","New York City (USA)","Autumn"
"24241",2014-12-11,"40","36","32","28","25","23","78","69","59","29.89","29.76","29.62","10","10","6","26","17","35","T","7","Snow","265<br />","New York City (USA)","Autumn"
"24242",2014-12-12,"41","37","33","23","21","19","64","56","48","30.00","29.96","29.89","10","10","10","25","16","32","0.00","6","","311<br />","New York City (USA)","Autumn"
"24243",2014-12-13,"47","41","34","28","25","22","69","55","40","29.99","29.95","29.89","10","10","10","24","16","31","0.00","4","","313<br />","New York City (USA)","Autumn"
"24244",2014-12-14,"47","42","37","31","29","28","70","62","53","29.99","29.91","29.87","10","10","10","17","12","22","0.00","4","","325<br />","New York City (USA)","Autumn"
"24245",2014-12-15,"48","41","34","34","30","27","79","66","53","30.14","30.07","29.99","10","10","10","12","5","16","0.00","2","","311<br />","New York City (USA)","Autumn"
"24246",2014-12-16,"50","42","33","46","39","31","93","82","71","30.13","30.02","29.84","10","7","2","14","4","16","0.30","7","Rain","94<br />","New York City (USA)","Autumn"
"24247",2014-12-17,"55","49","43","46","38","26","93","72","50","29.91","29.85","29.81","10","8","1","24","13","31","0.03","7","Rain","296<br />","New York City (USA)","Autumn"
"24248",2014-12-18,"44","41","38","26","24","21","59","50","41","30.01","29.96","29.89","10","10","10","30","16","37","0.00","5","","297<br />","New York City (USA)","Autumn"
"24249",2014-12-19,"40","36","32","25","21","19","59","52","44","30.21","30.07","29.98","10","10","10","22","15","25","0.00","5","","318<br />","New York City (USA)","Autumn"
"24250",2014-12-20,"34","33","31","21","20","19","63","60","56","30.32","30.28","30.20","10","10","10","14","6","18","0.00","8","","5<br />","New York City (USA)","Autumn"
"24251",2014-12-21,"38","36","33","30","26","21","82","72","61","30.35","30.32","30.29","10","10","10","13","7","15","T","8","Snow","349<br />","New York City (USA)","Winter"
"24252",2014-12-22,"48","43","37","43","37","30","86","78","70","30.35","30.27","30.16","10","9","5","18","9","23","0.04","8","Rain","44<br />","New York City (USA)","Winter"
"24253",2014-12-23,"50","49","47","45","44","43","93","90","86","30.17","30.11","30.06","10","5","1","20","11","24","0.21","8","Rain","42<br />","New York City (USA)","Winter"
"24254",2014-12-24,"57","52","47","54","49","44","100","93","86","30.08","29.83","29.56","3","1","0","25","10","32","1.05","8","Fog-Rain","97<br />","New York City (USA)","Winter"
"24255",2014-12-25,"57","50","42","52","38","27","96","66","35","30.14","29.77","29.52","10","8","0","30","17","39","0.06","5","Fog-Rain","261<br />","New York City (USA)","Winter"
"24256",2014-12-26,"51","45","38","33","30","28","70","56","42","30.26","30.22","30.15","10","10","10","16","11","23","0.00","1","","260<br />","New York City (USA)","Winter"
"24257",2014-12-27,"54","46","37","39","34","30","79","62","45","30.28","30.21","30.09","10","10","10","14","6","17","0.00","4","","223<br />","New York City (USA)","Winter"
"24258",2014-12-28,"54","48","42","43","38","28","83","69","54","30.08","29.97","29.91","10","10","6","21","10","24","0.05","7","Rain","256<br />","New York City (USA)","Winter"
"24259",2014-12-29,"46","41","35","26","20","15","53","42","31","30.27","30.18","30.09","10","10","10","20","11","26","0.00","6","","334<br />","New York City (USA)","Winter"
"24260",2014-12-30,"36","32","28","20","13","7","59","48","36","30.42","30.37","30.28","10","10","10","17","9","23","0.00","5","","355<br />","New York City (USA)","Winter"
"24261",2014-12-31,"34","31","28","14","9","6","50","41","32","30.38","30.31","30.20","10","10","10","18","11","24","0.00","3","","266<br />","New York City (USA)","Winter"
"24263",2015-01-01,"40","34","28","22","12","5","50","40","29","30.21","30.10","30.01","10","10","10","26","17","32","0.00","1","","246<br />","New York City (USA)","Winter"
"24264",2015-01-02,"45","40","35","23","18","15","59","45","31","30.47","30.24","30.04","10","10","10","24","14","30","0.00","4","","271<br />","New York City (USA)","Winter"
"24265",2015-01-03,"47","39","30","44","30","19","93","71","48","30.61","30.45","30.09","10","7","1","18","9","23","0.94","7","Rain","69<br />","New York City (USA)","Winter"
"24266",2015-01-04,"55","49","43","52","46","37","96","87","77","30.04","29.83","29.68","10","6","0","28","10","36","0.47","8","Fog-Rain","227<br />","New York City (USA)","Winter"
"24267",2015-01-05,"51","37","23","28","12","-3","59","42","24","30.43","30.13","29.82","10","10","10","33","20","48","0.00","3","","290<br />","New York City (USA)","Winter"
"24268",2015-01-06,"23","21","19","16","9","-3","77","56","34","30.44","30.26","30.04","10","6","0","23","9","28","0.07","7","Snow","281<br />","New York City (USA)","Winter"
"24269",2015-01-07,"25","18","10","13","2","-13","68","50","31","30.29","30.05","29.94","10","10","10","40","21","47","0.00","4","","290<br />","New York City (USA)","Winter"
"24270",2015-01-08,"22","15","8","4","-3","-12","53","46","38","30.46","30.37","30.26","10","10","10","33","17","39","0.00","3","","274<br />","New York City (USA)","Winter"
"24271",2015-01-09,"34","28","21","21","11","1","88","62","35","30.23","30.10","30.01","10","9","0","33","20","40","0.07","6","Snow","252<br />","New York City (USA)","Winter"
"24272",2015-01-10,"24","21","18","2","0","-2","47","41","34","30.61","30.46","30.26","10","10","10","25","17","32","0.00","1","","275<br />","New York City (USA)","Winter"
"24273",2015-01-11,"38","29","20","21","10","0","56","46","36","30.71","30.62","30.51","10","10","10","21","11","24","0.00","6","","233<br />","New York City (USA)","Winter"
"24274",2015-01-12,"40","37","34","36","30","20","92","72","52","30.51","30.27","30.12","10","6","1","16","6","20","0.70","8","Rain","251<br />","New York City (USA)","Winter"
"24275",2015-01-13,"37","28","19","31","13","3","76","57","38","30.64","30.51","30.25","10","10","10","24","15","29","0.00","5","","360<br />","New York City (USA)","Winter"
"24276",2015-01-14,"33","26","19","21","17","8","73","65","56","30.58","30.38","30.19","10","10","10","16","12","20","0.00","7","","22<br />","New York City (USA)","Winter"
"24277",2015-01-15,"35","31","27","21","17","14","69","55","40","30.18","30.08","29.94","10","10","10","18","10","22","0.00","4","","300<br />","New York City (USA)","Winter"
"24278",2015-01-16,"45","33","20","20","13","-1","63","46","28","30.23","29.95","29.82","10","10","10","36","18","45","0.00","3","","284<br />","New York City (USA)","Winter"
"24279",2015-01-17,"32","25","18","21","6","-1","63","48","32","30.42","30.35","30.25","10","10","10","21","11","26","0.00","2","","266<br />","New York City (USA)","Winter"
"24280",2015-01-18,"47","37","27","45","36","23","93","81","69","30.24","29.91","29.70","10","6","1","21","6","23","1.62","7","Fog-Rain","304<br />","New York City (USA)","Winter"
"24281",2015-01-19,"45","40","35","32","26","18","92","65","38","29.90","29.82","29.74","10","10","10","31","15","37","T","6","","276<br />","New York City (USA)","Winter"
"24282",2015-01-20,"41","37","32","26","19","5","59","43","27","30.06","29.94","29.88","10","10","10","20","12","28","T","6","","295<br />","New York City (USA)","Winter"
"24283",2015-01-21,"38","32","26","20","10","5","50","38","25","30.20","30.15","30.07","10","10","9","14","6","20","T","6","Snow","21<br />","New York City (USA)","Winter"
"24284",2015-01-22,"41","36","31","24","20","14","61","52","43","30.34","30.23","30.16","10","10","10","20","8","28","0.00","5","","346<br />","New York City (USA)","Winter"
"24285",2015-01-23,"39","34","28","27","18","11","64","52","40","30.37","30.23","30.01","10","10","9","17","11","21","T","3","Snow","260<br />","New York City (USA)","Winter"
"24286",2015-01-24,"40","37","33","34","30","24","89","72","54","29.98","29.56","29.26","10","5","0","23","11","66","0.75","8","Fog-Rain-Snow","345<br />","New York City (USA)","Winter"
"24287",2015-01-25,"45","39","32","29","18","8","75","50","25","30.01","29.77","29.52","10","10","10","26","15","33","0.00","6","","301<br />","New York City (USA)","Winter"
"24288",2015-01-26,"32","28","24","23","18","6","84","62","39","30.04","29.90","29.67","10","4","0","31","18","39","0.33","8","Snow","31<br />","New York City (USA)","Winter"
"24289",2015-01-27,"27","24","20","21","16","8","81","69","57","29.86","29.69","29.63","10","5","0","29","19","36","0.06","8","Snow","344<br />","New York City (USA)","Winter"
"24290",2015-01-28,"33","25","17","10","6","0","62","49","36","30.28","30.07","29.87","10","10","10","24","14","29","0.00","2","","332<br />","New York City (USA)","Winter"
"24291",2015-01-29,"37","27","17","29","14","1","75","57","39","30.35","30.22","30.02","10","10","6","20","8","28","0.01","5","Snow","212<br />","New York City (USA)","Winter"
"24292",2015-01-30,"38","29","19","31","21","4","89","67","44","30.01","29.91","29.83","10","8","2","38","19","49","0.04","6","Snow","284<br />","New York City (USA)","Winter"
"24293",2015-01-31,"27","21","14","6","0","-5","51","42","32","30.23","30.12","30.01","10","10","10","38","23","47","0.00","1","","310<br />","New York City (USA)","Winter"